RegionID,RegionName,SizeRank,2014-01,2014-02,2014-03,2014-04,2014-05,2014-06,2014-07,2014-08,2014-09,2014-10,2014-11,2014-12,2015-01,2015-02,2015-03,2015-04,2015-05,2015-06,2015-07,2015-08,2015-09,2015-10,2015-11,2015-12,2016-01,2016-02,2016-03,2016-04,2016-05,2016-06,2016-07,2016-08,2016-09,2016-10,2016-11,2016-12,2017-01,2017-02,2017-03,2017-04,2017-05,2017-06,2017-07,2017-08,2017-09,2017-10,2017-11,2017-12,2018-01,2018-02,2018-03,2018-04,2018-05,2018-06,2018-07,2018-08,2018-09,2018-10,2018-11,2018-12,2019-01,2019-02,2019-03,2019-04,2019-05,2019-06,2019-07,2019-08,2019-09,2019-10,2019-11,2019-12,2020-01,2020-02,2020-03,2020-04,2020-05,2020-06,2020-07,2020-08,2020-09,2020-10,2020-11,2020-12,2021-01
102001,United States,0,1341,1346,1353,1366,1386,1401,1412,1418,1419,1418,1418,1417,1422,1431,1440,1453,1464,1473,1479,1484,1485,1485,1486,1485,1490,1498,1508,1519,1529,1538,1539,1542,1542,1541,1540,1540,1543,1550,1558,1568,1578,1585,1591,1591,1583,1583,1585,1586,1591,1599,1608,1619,1630,1639,1644,1647,1646,1645,1646,1646,1650,1658,1668,1679,1691,1701,1706,1708,1706,1703,1700,1705,1712,1721,1728,1725,1723,1725,1725,1716,1713,1707,1715,1715,1721
394913,"New York, NY",1,2280,2299,2303,2334,2369,2391,2405,2414,2415,2414,2415,2412,2417,2430,2448,2477,2490,2507,2517,2521,2529,2528,2519,2514,2514,2519,2528,2555,2569,2581,2565,2577,2580,2575,2574,2560,2565,2566,2576,2594,2609,2618,2627,2621,2636,2616,2598,2593,2584,2593,2605,2624,2640,2655,2665,2667,2667,2657,2647,2641,2645,2655,2670,2676,2705,2729,2738,2742,2733,2732,2711,2700,2703,2728,2740,2725,2715,2698,2666,2602,2551,2496,2471,2450,2465
753899,"Los Angeles-Long Beach-Anaheim, CA",2,1789,1811,1820,1848,1884,1918,1943,1959,1966,1975,1984,1987,1998,2005,2021,2037,2050,2062,2079,2094,2108,2109,2122,2128,2139,2150,2165,2183,2203,2214,2217,2232,2241,2247,2246,2254,2259,2273,2285,2304,2318,2327,2340,2349,2353,2355,2356,2356,2366,2377,2384,2399,2408,2427,2433,2444,2450,2459,2466,2466,2467,2477,2484,2494,2502,2517,2529,2536,2539,2536,2537,2547,2562,2567,2566,2544,2527,2533,2532,2527,2524,2525,2539,2533,2542
394463,"Chicago, IL",3,1403,1414,1416,1432,1453,1469,1478,1481,1478,1470,1467,1465,1470,1475,1465,1476,1497,1515,1522,1528,1524,1515,1509,1509,1516,1524,1536,1550,1563,1574,1578,1577,1568,1557,1548,1544,1541,1555,1569,1582,1596,1604,1609,1602,1594,1581,1572,1573,1577,1587,1598,1609,1622,1632,1636,1634,1624,1611,1606,1605,1614,1623,1637,1652,1665,1673,1678,1680,1671,1663,1656,1654,1663,1671,1680,1676,1676,1678,1672,1659,1640,1623,1615,1611,1614
394514,"Dallas-Fort Worth, TX",4,1167,1157,1168,1186,1207,1224,1232,1239,1240,1237,1238,1242,1243,1250,1264,1274,1283,1294,1300,1305,1304,1302,1306,1300,1303,1315,1327,1339,1351,1364,1369,1372,1371,1374,1372,1372,1374,1379,1390,1396,1408,1419,1424,1424,1422,1421,1420,1421,1425,1430,1437,1444,1451,1463,1467,1464,1462,1464,1473,1468,1472,1479,1486,1498,1508,1518,1522,1522,1519,1521,1518,1519,1524,1532,1536,1529,1524,1529,1534,1533,1534,1537,1550,1555,1555
394974,"Philadelphia, PA",5,1293,1271,1289,1300,1318,1329,1340,1343,1342,1337,1330,1317,1331,1334,1346,1355,1366,1371,1378,1375,1373,1373,1371,1373,1369,1378,1388,1401,1408,1414,1420,1413,1414,1411,1416,1418,1415,1418,1429,1436,1440,1444,1444,1443,1442,1438,1436,1435,1434,1447,1456,1467,1480,1481,1485,1485,1486,1487,1490,1489,1494,1501,1512,1520,1526,1531,1538,1536,1536,1535,1541,1541,1543,1551,1561,1556,1551,1553,1556,1555,1560,1552,1566,1569,1578
394692,"Houston, TX",6,1200,1192,1210,1246,1283,1306,1321,1329,1330,1333,1327,1329,1332,1338,1347,1356,1367,1375,1378,1379,1377,1367,1368,1367,1365,1370,1374,1379,1383,1388,1389,1383,1381,1376,1370,1367,1364,1366,1369,1372,1378,1381,1378,1378,1384,1394,1400,1405,1407,1413,1418,1425,1431,1435,1439,1438,1432,1425,1429,1423,1421,1424,1434,1442,1451,1458,1463,1462,1458,1450,1449,1454,1458,1460,1465,1460,1449,1451,1448,1448,1451,1445,1462,1462,1464
395209,"Washington, DC",7,1772,1784,1786,1801,1838,1860,1878,1886,1888,1880,1868,1855,1864,1868,1876,1889,1898,1908,1911,1910,1908,1908,1911,1905,1906,1916,1926,1935,1944,1955,1932,1945,1946,1939,1934,1932,1940,1945,1951,1969,1981,1988,1992,1988,1978,1969,1958,1956,1956,1964,1969,1989,2006,2022,2031,2031,2025,2019,2015,2014,2015,2029,2040,2054,2069,2081,2086,2088,2082,2075,2065,2067,2076,2081,2093,2086,2077,2073,2066,2049,2029,2003,2014,2012,2006
394856,"Miami-Fort Lauderdale, FL",8,1519,1514,1517,1526,1536,1545,1560,1571,1582,1589,1595,1600,1606,1618,1619,1623,1636,1643,1650,1662,1672,1679,1685,1689,1696,1707,1711,1711,1717,1717,1717,1723,1728,1730,1733,1735,1735,1735,1739,1740,1740,1741,1747,1750,1755,1761,1762,1766,1769,1775,1773,1780,1780,1788,1793,1801,1808,1812,1819,1819,1819,1824,1824,1826,1830,1830,1835,1842,1843,1851,1859,1865,1874,1878,1880,1871,1860,1859,1863,1866,1864,1872,1886,1896,1913
394347,"Atlanta, GA",9,1095,1107,1107,1119,1130,1143,1148,1152,1151,1151,1156,1156,1157,1164,1172,1183,1194,1205,1215,1217,1214,1212,1214,1216,1222,1230,1243,1256,1268,1279,1287,1290,1291,1295,1293,1293,1298,1304,1313,1321,1332,1344,1354,1359,1362,1356,1357,1358,1365,1372,1385,1394,1408,1417,1425,1432,1436,1438,1445,1449,1459,1465,1473,1484,1489,1498,1508,1512,1515,1511,1508,1509,1515,1523,1533,1526,1526,1533,1542,1554,1567,1575,1588,1592,1602
394404,"Boston, MA",10,1966,1994,1990,2011,2028,2049,2065,2075,2063,2056,2027,2023,2032,2057,2080,2099,2116,2132,2137,2134,2130,2121,2109,2105,2130,2158,2174,2189,2209,2226,2222,2227,2216,2204,2186,2198,2221,2242,2252,2272,2284,2296,2303,2293,2272,2256,2252,2254,2281,2298,2314,2329,2348,2359,2367,2358,2340,2336,2328,2330,2349,2365,2383,2406,2428,2440,2442,2436,2418,2406,2400,2408,2430,2449,2465,2465,2446,2438,2418,2359,2302,2266,2257,2247,2277
395057,"San Francisco, CA",11,2106,2153,2169,2185,2244,2324,2379,2436,2485,2514,2508,2531,2560,2599,2629,2653,2681,2726,2761,2784,2801,2799,2803,2807,2820,2837,2848,2873,2902,2920,2890,2915,2907,2894,2890,2873,2880,2887,2901,2927,2939,2975,2998,3004,3000,2979,2968,2964,2971,2976,2992,3014,3029,3060,3084,3096,3099,3080,3074,3083,3078,3096,3109,3122,3138,3168,3192,3192,3184,3167,3149,3156,3169,3179,3178,3177,3157,3142,3094,3035,2961,2919,2918,2888,2876
394532,"Detroit, MI",12,998,1001,1000,1009,1021,1031,1037,1039,1040,1038,1036,1032,1030,1035,1046,1052,1057,1062,1067,1072,1075,1062,1065,1065,1070,1074,1078,1082,1090,1099,1107,1112,1107,1106,1100,1096,1102,1107,1110,1120,1130,1141,1145,1146,1144,1141,1140,1138,1142,1151,1159,1165,1174,1181,1185,1189,1188,1188,1189,1182,1185,1187,1195,1204,1214,1221,1225,1226,1223,1224,1220,1219,1219,1217,1227,1233,1241,1246,1253,1262,1271,1281,1282,1292,1293
395025,"Riverside, CA",13,1415,1423,1430,1446,1459,1471,1479,1485,1495,1493,1501,1504,1509,1518,1525,1544,1545,1548,1557,1566,1571,1576,1582,1585,1589,1600,1607,1619,1623,1630,1638,1644,1654,1658,1666,1667,1676,1682,1696,1712,1720,1730,1739,1745,1746,1753,1764,1766,1769,1788,1797,1813,1822,1833,1840,1849,1857,1861,1857,1869,1875,1885,1889,1900,1909,1914,1927,1940,1949,1949,1954,1958,1973,1974,1980,1973,1976,1993,2013,2042,2079,2109,2119,2139,
394976,"Phoenix, AZ",14,990,990,999,1006,1018,1025,1027,1031,1033,1035,1038,1038,1041,1055,1068,1077,1085,1089,1092,1096,1100,1100,1102,1105,1109,1118,1129,1141,1149,1155,1158,1161,1163,1172,1181,1177,1176,1181,1188,1197,1205,1212,1217,1218,1219,1217,1219,1217,1225,1235,1250,1265,1277,1285,1295,1303,1307,1313,1320,1324,1324,1339,1352,1365,1378,1392,1399,1408,1407,1413,1424,1440,1450,1454,1456,1449,1451,1457,1468,1482,1498,1512,1540,1551,1572
395078,"Seattle, WA",15,1323,1327,1331,1355,1400,1435,1453,1467,1470,1469,1465,1465,1478,1483,1501,1519,1535,1553,1566,1578,1591,1581,1580,1577,1587,1601,1623,1642,1675,1689,1687,1708,1713,1710,1701,1701,1710,1722,1744,1768,1792,1813,1829,1829,1816,1802,1789,1780,1786,1799,1814,1833,1855,1869,1879,1880,1869,1865,1857,1853,1857,1869,1891,1914,1936,1961,1968,1970,1959,1943,1937,1955,1974,1989,2003,1997,1989,1984,1983,1973,1936,1894,1893,1871,1866
394865,"Minneapolis-St Paul, MN",16,1174,1174,1185,1196,1217,1237,1254,1252,1254,1253,1238,1231,1234,1246,1259,1273,1284,1291,1297,1297,1289,1287,1296,1292,1294,1305,1315,1326,1341,1342,1348,1353,1351,1350,1356,1348,1358,1373,1381,1390,1393,1403,1406,1409,1408,1404,1402,1409,1417,1423,1433,1442,1450,1458,1464,1464,1464,1461,1461,1467,1471,1474,1488,1504,1515,1525,1525,1512,1517,1512,1517,1522,1531,1544,1550,1548,1544,1546,1540,1536,1531,1524,1552,1554,1543
395056,"San Diego, CA",17,1645,1661,1660,1679,1719,1735,1749,1760,1765,1771,1784,1783,1800,1828,1833,1839,1850,1862,1876,1883,1888,1892,1890,1888,1902,1917,1929,1949,1973,1981,1983,1994,2005,2001,2000,2007,2009,2017,2040,2049,2068,2083,2096,2101,2101,2101,2094,2097,2112,2120,2127,2139,2171,2186,2199,2210,2212,2202,2204,2200,2201,2204,2209,2221,2237,2249,2262,2270,2271,2270,2270,2275,2284,2288,2292,2271,2278,2295,2301,2312,2325,2342,2350,2358,2383
395121,"St. Louis, MO",18,902,891,895,899,910,918,927,928,927,927,920,917,922,926,936,937,944,946,943,947,949,948,947,947,948,954,960,963,970,972,976,973,974,975,971,970,972,976,981,987,989,990,992,992,988,991,989,988,991,992,997,1003,1011,1015,1017,1019,1018,1014,1010,1010,1013,1017,1026,1034,1038,1043,1049,1051,1051,1049,1047,1046,1053,1057,1062,1072,1068,1074,1079,1082,1089,1090,1090,1096,1093
395148,"Tampa, FL",19,1119,1118,1124,1128,1142,1152,1156,1159,1162,1163,1167,1168,1175,1184,1188,1191,1198,1207,1212,1218,1218,1224,1230,1231,1236,1243,1252,1264,1269,1275,1278,1284,1286,1285,1292,1293,1296,1301,1310,1318,1324,1331,1337,1334,1336,1341,1346,1352,1355,1365,1376,1387,1395,1403,1406,1407,1409,1406,1413,1413,1417,1428,1438,1445,1455,1461,1467,1469,1471,1470,1472,1480,1491,1496,1504,1496,1500,1508,1515,1525,1534,1546,1571,1575,1589
394358,"Baltimore, MD",20,1405,1412,1421,1443,1468,1484,1499,1505,1508,1508,1501,1497,1495,1494,1506,1515,1520,1527,1532,1530,1532,1529,1520,1522,1524,1527,1530,1537,1545,1549,1549,1545,1538,1535,1528,1523,1527,1527,1535,1538,1555,1560,1560,1558,1549,1549,1548,1540,1538,1541,1549,1562,1572,1576,1576,1572,1569,1567,1565,1568,1568,1579,1588,1597,1606,1613,1617,1609,1606,1597,1593,1600,1611,1611,1610,1601,1606,1607,1609,1610,1614,1618,1625,1638,1646
394530,"Denver, CO",21,1152,1126,1152,1178,1217,1262,1296,1318,1335,1344,1353,1351,1363,1376,1392,1413,1430,1447,1455,1462,1464,1467,1466,1470,1477,1490,1491,1506,1525,1534,1540,1542,1537,1523,1517,1515,1517,1522,1541,1557,1574,1587,1594,1596,1587,1576,1571,1573,1578,1585,1596,1611,1630,1641,1651,1655,1650,1643,1645,1645,1647,1656,1667,1681,1697,1713,1717,1716,1709,1700,1695,1699,1708,1716,1726,1712,1710,1712,1712,1709,1707,1697,1705,1705,1709
394982,"Pittsburgh, PA",22,,949,1022,995,1008,1013,1037,1053,1033,1016,1026,1009,1008,1015,1023,1040,1034,1045,1051,1054,1037,1034,1041,1021,1033,1042,1053,1059,1060,1065,1066,1053,1045,1049,1040,1041,1050,1059,1069,1072,1077,1077,1079,1067,1063,1057,1058,1062,1071,1082,1087,1094,1104,1104,1108,1108,1107,1111,1110,1118,1115,1117,1125,1130,1135,1142,1137,1142,1147,1147,1150,1155,1163,1165,1162,1164,1168,1173,1175,1169,1166,1165,1168,1170,1177
394998,"Portland, OR",23,1147,1140,1148,1149,1175,1213,1236,1256,1261,1262,1261,1271,1274,1283,1297,1313,1333,1354,1376,1395,1401,1402,1399,1398,1403,1415,1433,1450,1468,1483,1491,1490,1492,1483,1477,1475,1479,1483,1495,1506,1519,1529,1534,1536,1537,1522,1516,1508,1510,1518,1527,1538,1554,1565,1576,1582,1580,1571,1567,1562,1563,1570,1585,1597,1611,1619,1632,1637,1634,1624,1620,1624,1630,1634,1636,1631,1632,1641,1649,1651,1655,1644,1646,1648,1649
394458,"Charlotte, NC",24,1102,1104,1108,1115,1132,1145,1152,1155,1153,1154,1150,1155,1156,1158,1168,1181,1192,1201,1210,1217,1218,1214,1217,1218,1225,1235,1243,1252,1263,1270,1277,1281,1283,1285,1283,1276,1288,1287,1295,1308,1318,1329,1335,1336,1337,1321,1326,1326,1332,1339,1347,1358,1370,1381,1389,1393,1392,1389,1397,1401,1403,1413,1419,1428,1443,1454,1460,1459,1462,1460,1461,1461,1469,1473,1484,1466,1458,1467,1477,1476,1488,1492,1510,1516,1514
395045,"Sacramento, CA",25,1216,1212,1216,1226,1238,1248,1268,1270,1273,1274,1273,1276,1285,1286,1299,1312,1323,1333,1345,1356,1368,1368,1358,1376,1385,1394,1407,1430,1445,1456,1466,1478,1471,1474,1489,1495,1496,1507,1521,1544,1563,1583,1589,1599,1608,1609,1606,1607,1612,1620,1631,1635,1658,1672,1682,1688,1686,1683,1687,1697,1698,1714,1726,1738,1747,1759,1766,1774,1774,1776,1776,1779,1780,1791,1802,1799,1802,1822,1839,1850,1865,1884,1894,1904,1916
395055,"San Antonio, TX",26,1044,1038,1050,1059,1077,1089,1089,1097,1100,1089,1093,1080,1093,1101,1112,1123,1134,1141,1140,1142,1136,1138,1146,1147,1145,1154,1161,1171,1173,1177,1181,1186,1186,1185,1187,1186,1188,1193,1198,1204,1209,1214,1216,1221,1215,1209,1211,1210,1212,1220,1225,1229,1236,1244,1252,1255,1255,1250,1252,1252,1256,1257,1263,1268,1280,1288,1300,1302,1301,1303,1298,1300,1298,1306,1303,1301,1299,1304,1313,1316,1319,1310,1324,1326,1330
394943,"Orlando, FL",27,1171,1177,1176,1181,1193,1204,1231,1225,1219,1216,1216,1217,1221,1229,1237,1246,1258,1262,1272,1277,1281,1283,1283,1285,1290,1293,1301,1315,1326,1333,1341,1345,1344,1343,1342,1346,1356,1362,1361,1375,1389,1402,1410,1412,1413,1415,1417,1428,1433,1441,1457,1466,1477,1489,1496,1498,1498,1498,1502,1502,1508,1514,1521,1532,1543,1554,1559,1559,1558,1557,1549,1552,1560,1561,1565,1560,1565,1568,1575,1573,1574,1572,1578,1581,1594
394466,"Cincinnati, OH",28,927,948,938,934,940,951,959,965,967,961,950,958,956,957,971,975,983,992,997,1005,1000,1002,1004,1007,1007,1003,1013,1019,1023,1026,1029,1033,1033,1031,1032,1042,1045,1049,1052,1061,1069,1073,1072,1069,1076,1073,1077,1081,1080,1082,1090,1094,1103,1107,1111,1111,1119,1128,1126,1129,1136,1137,1151,1161,1162,1169,1176,1183,1182,1177,1180,1184,1193,1203,1207,1207,1212,1215,1214,1224,1225,1231,1242,1250,1259
394475,"Cleveland, OH",29,915,933,924,936,931,948,947,945,945,942,950,945,946,957,965,979,986,1001,985,987,992,984,987,981,993,1001,999,1010,1021,1026,1024,1018,1011,1001,1002,996,993,1001,1006,1010,1014,1021,1024,1022,1021,1020,1024,1017,1016,1019,1024,1035,1040,1043,1044,1050,1055,1055,1053,1052,1055,1058,1063,1068,1073,1081,1080,1079,1073,1066,1069,1072,1081,1088,1079,1089,1100,1103,1102,1112,1108,1104,1120,1123,1121
394735,"Kansas City, MO",30,907,923,923,926,937,950,975,977,968,958,949,949,952,959,966,972,976,985,989,994,989,987,990,989,992,996,1005,1012,1016,1020,1024,1028,1027,1028,1031,1032,1031,1035,1041,1048,1055,1056,1063,1067,1061,1059,1060,1064,1063,1072,1072,1081,1089,1093,1094,1095,1097,1091,1095,1092,1090,1096,1104,1113,1119,1128,1129,1129,1129,1127,1124,1131,1136,1142,1150,1156,1164,1169,1178,1179,1189,1187,1194,1187,1193
394775,"Las Vegas, NV",31,1028,1034,1035,1039,1049,1059,1060,1066,1066,1068,1064,1065,1064,1070,1075,1085,1093,1098,1105,1108,1111,1111,1112,1113,1115,1122,1128,1138,1148,1156,1158,1162,1165,1163,1164,1164,1168,1175,1185,1192,1203,1209,1216,1223,1227,1227,1228,1232,1237,1246,1257,1271,1284,1293,1301,1310,1315,1315,1320,1324,1326,1334,1348,1362,1372,1381,1388,1395,1395,1393,1392,1392,1399,1404,1408,1400,1395,1404,1419,1438,1453,1469,1480,1482,1493
394492,"Columbus, OH",32,959,971,967,966,980,985,989,995,992,992,1007,1001,996,1007,1014,1020,1031,1036,1036,1036,1032,1052,1052,1047,1045,1046,1059,1069,1074,1082,1080,1073,1071,1072,1075,1081,1075,1083,1093,1103,1112,1119,1117,1115,1120,1111,1118,1124,1123,1131,1141,1149,1162,1165,1167,1164,1169,1167,1164,1165,1170,1178,1188,1196,1204,1209,1205,1200,1210,1213,1208,1209,1215,1221,1224,1236,1242,1244,1252,1258,1263,1267,1281,,1278
394705,"Indianapolis, IN",33,968,974,973,979,995,1001,1001,998,999,1006,1004,992,991,1004,1011,1014,1015,1018,1024,1024,1027,1031,1034,1028,1032,1040,1037,1049,1055,1062,1070,1067,1059,1058,1054,1052,1055,1056,1066,1076,1080,1086,1088,1091,1093,1089,1091,1093,1094,1097,1105,1111,1118,1125,1130,1129,1131,1130,1129,1127,1124,1132,1147,1159,1166,1174,1177,1184,1177,1177,1178,1175,1180,1188,1192,1196,1209,1228,1230,1245,1243,1255,1257,1255,1262
395059,"San Jose, CA",34,2032,2039,2053,2139,2238,2349,2409,2472,2506,2512,2513,2521,2544,2554,2589,2636,2679,2721,2782,2796,2794,2792,2786,2774,2789,2785,2796,2836,2836,2879,2890,2877,2855,2831,2809,2811,2820,2816,2837,2856,2879,2914,2929,2928,2923,2906,2906,2887,2913,2919,2937,2968,2999,3044,3058,3070,3049,3041,3027,3006,3015,3042,3069,3089,3101,3121,3137,3142,3125,3087,3087,3101,3118,3146,3148,3117,3087,3078,3042,2998,2963,2906,2900,2902,2892
394355,"Austin, TX",35,1195,1186,1191,1211,1236,1252,1285,1287,1290,1281,1275,1281,1288,1298,1306,1318,1333,1340,1348,1353,1352,1355,1351,1353,1359,1368,1373,1382,1390,1399,1401,1394,1390,1387,1384,1382,1385,1393,1397,1406,1415,1423,1424,1415,1401,1393,1391,1391,1394,1403,1413,1423,1436,1449,1459,1464,1462,1458,1466,1459,1460,1471,1480,1494,1505,1517,1528,1530,1529,1521,1521,1526,1530,1535,1537,1524,1512,1515,1518,1510,1500,1490,1507,1507,1511
395194,"Virginia Beach, VA",36,1126,1138,1136,1138,1150,1168,1174,1177,1175,1172,1169,1170,1170,1172,1178,1182,1185,1190,1192,1194,1190,1189,1187,1189,1191,1198,1201,1206,1210,1209,1208,1208,1203,1199,1197,1203,1206,1213,1217,1221,1223,1226,1228,1228,1228,1227,1226,1222,1221,1230,1238,1246,1247,1246,1251,1252,1252,1251,1252,1252,1258,1262,1270,1276,1284,1289,1290,1287,1287,1290,1292,1293,1297,1299,1301,1302,1307,1313,1324,1337,1343,1350,1359,1364,1376
394902,"Nashville, TN",37,1116,1148,1162,1173,1212,1231,1256,1270,1277,1285,1279,1246,1258,1264,1281,1296,1309,1304,1326,1342,1341,1333,1344,1346,1371,1353,1356,1371,1397,1397,1417,1444,1454,1430,1437,1417,1434,1437,1449,1470,1458,1450,1473,1479,1455,1445,1441,1418,1422,1424,1449,1478,1492,1510,1509,1509,1514,1491,1509,1493,1502,1486,1501,1522,1547,1561,1575,1570,1581,1570,1572,1589,1566,1568,1589,1588,1610,1616,1615,1609,1599,1591,1612,1620,1595
395005,"Providence, RI",38,1087,1123,1137,1140,1157,1179,1184,1186,1173,1174,1167,1165,1170,1186,1214,1224,1240,1244,1239,1238,1232,1217,1239,1233,1257,1266,1276,1282,1287,1284,1303,1300,1286,1282,1287,1298,1307,1322,1344,1340,1350,1357,1352,1363,1361,1353,1345,1356,1353,1375,1396,1398,1409,1424,1423,1408,1407,1393,1399,1399,1402,1414,1437,1458,1472,1472,1468,1465,1455,1457,1463,1454,1482,1468,1495,1512,1513,1530,1534,1533,1536,1539,1566,1572,1603
394862,"Milwaukee, WI",39,976,972,977,979,1001,1014,1024,1032,1034,1022,1022,1016,1030,1025,1029,1042,1048,1051,1048,1060,1060,1058,1051,1039,1042,1051,1057,1066,1081,1076,1078,1072,1068,1070,1067,1065,1068,1069,1073,1082,1089,1094,1094,1091,1086,1075,1077,1085,1090,1091,1097,1105,1106,1113,1105,1106,1111,1111,1105,1108,1111,1121,1128,1132,1135,1139,1144,1141,1141,1137,1131,1138,1138,1148,1151,1157,1158,1166,1168,1174,1161,1172,1173,1161,1169
394714,"Jacksonville, FL",40,1050,1041,1066,1058,1061,1064,1068,1069,1068,1071,1070,1071,1072,1073,1069,1081,1091,1097,1103,1105,1100,1107,1105,1105,1108,1113,1120,1124,1133,1139,1140,1143,1139,1141,1145,1142,1146,1150,1156,1162,1170,1178,1186,1190,1192,1193,1194,1195,1200,1208,1210,1221,1231,1241,1249,1250,1249,1248,1249,1250,1251,1255,1265,1274,1282,1288,1293,1297,1297,1288,1287,1290,1297,1299,1305,1306,1308,1316,1323,1336,1346,1348,1354,1360,1370
394849,"Memphis, TN",41,1029,1033,1029,1038,1045,1058,1064,1069,1067,1063,1062,1067,1069,1068,1066,1072,1074,1077,1079,1081,1084,1079,1083,1078,1081,1087,1090,1093,1097,1104,1105,1103,1108,1108,1105,1105,1105,1104,1106,1114,1120,1122,1125,1125,1125,1123,1125,1124,1129,1130,1137,1149,1153,1160,1168,1170,1165,1165,1164,1163,1167,1175,1184,1192,1200,1205,1210,1210,1212,1207,1208,1207,1215,1231,1246,1251,1256,1274,1291,1313,1315,1313,1328,1321,1337
394935,"Oklahoma City, OK",42,930,940,942,957,972,985,986,984,978,981,980,977,976,979,984,990,1008,1014,1007,1006,999,990,988,980,980,990,996,998,1006,1009,1005,1000,991,980,973,980,977,984,993,999,1004,1006,1012,1013,1009,1001,997,989,997,1002,1007,1017,1021,1025,1019,1025,1024,1026,1025,1026,1024,1031,1036,1046,1084,1075,1065,1059,1057,1060,1058,1054,1057,1061,1063,1072,1077,1079,1076,1083,1089,1092,1094,1094,1098
394807,"Louisville-Jefferson County, KY",43,770,807,796,797,815,830,838,842,843,847,842,839,845,861,858,875,871,872,874,872,873,871,871,869,870,875,883,888,903,907,913,915,910,907,910,914,911,919,925,933,934,944,947,944,943,934,933,940,939,947,952,955,965,966,964,973,968,970,968,972,973,975,981,990,997,996,998,992,996,993,991,996,997,1004,1012,1007,1014,1026,1028,1039,1038,1038,1036,1044,1044
394669,"Hartford, CT",44,1073,1084,1071,1088,1112,1130,1142,1147,1143,1154,1165,1149,1156,1158,1173,1167,1164,1186,1184,1174,1171,1179,1172,1182,1177,1175,1178,1197,1204,1201,1202,1207,1202,1194,1194,1198,1196,1206,1211,1216,1224,1230,1229,1227,1222,1218,1217,1223,1215,1226,1238,1237,1246,1251,1253,1262,1256,1256,1258,1266,1267,1269,1272,1269,1270,1283,1287,1285,1279,1279,1279,1283,1288,1291,1290,1310,1303,1310,1325,1327,1343,1352,1353,1349,1353
395022,"Richmond, VA",45,,1006,1000,1015,1038,1044,1048,1052,1051,1043,1043,1046,1049,1054,1062,1070,1071,1066,1068,1076,1072,1072,1076,1074,1074,1082,1095,1095,1102,1106,1120,1112,1110,1102,1105,1101,1103,1105,1110,1123,1136,1143,1147,1144,1141,1141,1142,1141,1145,1151,1162,1174,1182,1188,1188,1184,1185,1185,1186,1187,1187,1191,1204,1217,1226,1228,1231,1230,1230,1229,1227,1230,1235,1238,1247,1253,1259,1264,1270,1268,1271,1262,1279,1284,1294
394910,"New Orleans, LA",46,1050,1019,1026,1053,1091,1106,1127,1127,1120,1105,1114,1118,1123,1130,1131,1139,1155,1157,1143,1143,1144,1140,1159,1153,1153,1156,1154,1158,1164,1161,1168,1169,1174,1179,1173,1185,1175,1189,1184,1184,1187,1187,1191,1192,1201,1197,1193,1201,1183,1174,1192,1200,1207,1201,1211,1203,1204,1207,1212,1201,1199,1203,1209,1211,1214,1222,1229,1238,1236,1231,1242,1242,1243,1245,1248,1246,1241,1250,1251,1238,1254,1266,1271,1279,1290
394425,"Buffalo, NY",47,856,845,857,863,878,870,866,855,877,876,870,889,884,880,903,917,910,899,911,927,920,929,927,929,930,924,931,936,953,953,957,955,958,955,956,960,963,986,977,980,976,986,991,988,983,987,979,990,997,992,1002,1010,1017,1023,1026,1024,1024,1020,1018,1025,1029,1037,1041,1052,1054,1057,1058,1059,1042,1050,1055,1057,1067,1074,1090,1091,1096,1108,1099,1109,1106,1101,1105,1106,1124
395012,"Raleigh, NC",48,1167,1182,1176,1178,1195,1210,1217,1215,1219,1214,1212,1211,1216,1226,1232,1236,1247,1263,1262,1264,1268,1267,1260,1251,1258,1263,1277,1289,1301,1305,1313,1316,1321,1317,1310,1304,1306,1312,1322,1325,1338,1350,1353,1351,1345,1345,1341,1340,1338,1345,1353,1367,1377,1384,1390,1399,1390,1386,1392,1390,1390,1403,1412,1424,1438,1455,1458,1458,1461,1458,1445,1457,1465,1461,1460,1454,1456,1466,1472,1480,1488,1479,1489,1491,1503
394388,"Birmingham, AL",49,905,925,918,916,918,931,937,947,957,944,942,945,947,949,950,954,955,953,959,963,967,964,968,968,970,972,969,978,975,976,979,978,978,986,980,978,980,981,985,982,988,992,995,1000,1013,1004,1003,1006,1002,1003,998,1009,1017,1026,1016,1027,1023,1029,1034,1038,1049,1057,1063,1053,1057,1062,1060,1061,1066,1062,1062,1069,1070,1071,1076,1085,1081,1089,1098,1098,1122,1130,1129,1126,1129
395053,"Salt Lake City, UT",50,1026,992,1017,1031,1047,1063,1069,1080,1079,1082,1087,1069,1076,1076,1084,1099,1105,1109,1112,1112,1122,1118,1125,1131,1132,1138,1150,1153,1162,1165,1172,1183,1184,1188,1181,1183,1181,1199,1202,1211,1221,1232,1230,1241,1249,1249,1237,1226,1231,1257,1274,1275,1298,1292,1308,1293,1301,1302,1302,1306,1315,1321,1338,1346,1354,1355,1362,1360,1357,1355,1355,1358,1363,1362,1374,1374,1364,1367,1363,1377,1384,1385,1388,1411,1408
395031,"Rochester, NY",51,937,953,945,944,964,977,992,978,979,983,959,976,979,988,997,993,1000,1007,1020,1006,1004,1005,1017,1027,1018,1017,1027,1022,1032,1038,1041,1038,1039,1040,1029,1034,1045,1050,1049,1061,1068,1067,1072,1076,1068,1063,1069,1069,1084,1093,1093,1097,1102,1110,1107,1123,1109,1104,1106,1101,1108,1111,1122,1134,1134,1140,1147,1135,1135,1125,1116,1124,1138,1145,1159,1153,1164,1168,1183,1189,1192,1195,1191,1195,1217
394640,"Grand Rapids, MI",52,838,856,856,877,908,912,921,923,929,924,913,912,915,927,934,953,963,980,989,988,988,990,992,990,993,990,1011,1040,1063,1072,1079,1071,1076,1068,1072,1075,1066,1082,1091,1105,1132,1141,1144,1137,1134,1126,1113,1123,1124,1126,1141,1163,1175,1182,1188,1194,1181,1175,1173,1175,1182,1189,1194,1218,1231,1242,1244,1237,1231,1232,1228,1227,1229,1241,1249,1255,1264,1279,1290,1295,1268,1279,1293,1299,1292
395167,"Tucson, AZ",53,948,954,953,957,962,966,969,964,963,965,964,961,963,967,971,979,978,981,984,982,984,988,981,984,993,994,1000,1006,1006,1006,1009,1014,1014,1017,1019,1022,1024,1035,1042,1053,1057,1057,1061,1064,1063,1059,1064,1069,1074,1077,1087,1103,1108,1115,1121,1124,1125,1127,1138,1141,1144,1153,1158,1165,1180,1185,1187,1190,1196,1193,1205,1211,1215,1219,1219,1207,1223,1227,1239,1254,1272,1300,1301,1305,1339
753924,"Urban Honolulu, HI",54,1631,1586,1608,1642,1690,1746,1797,1818,1849,1851,1864,1906,1903,1886,1894,1903,1917,1940,1944,1953,1954,1934,1953,1960,1946,1948,1958,1971,1976,1998,2010,1998,1992,1985,1995,1985,1969,1976,1996,2007,2008,2007,2008,2016,2011,2009,2009,2015,2003,2021,2016,2022,2025,2037,2040,2053,2048,2043,2049,2043,2046,2061,2063,2072,2071,2079,2084,2088,2084,2076,2077,2087,2085,2095,2092,2074,2084,2080,2082,2081,2087,2072,2074,2077,2090
395169,"Tulsa, OK",55,989,963,978,970,994,1011,1027,1039,1039,1031,1031,1032,1033,1038,1050,1053,1038,1049,1055,1075,1065,1056,1058,1051,1056,1050,1058,1064,1070,1078,1079,1078,1069,1070,1068,1069,1067,1063,1063,1067,1069,1078,1079,1073,1072,1078,1070,1074,1075,1084,1083,1080,1087,1090,1086,1098,1096,1096,1090,1093,1088,1096,1100,1109,1116,1123,1122,1121,1129,1127,1132,1139,1139,1142,1144,1141,1156,1157,1162,1175,1176,1181,1187,1182,1189
394619,"Fresno, CA",56,1097,1136,1127,1140,1166,1165,1160,1166,1164,1172,1175,1177,1181,1184,1191,1195,1201,1210,1199,1206,1214,1215,1217,1223,1224,1240,1242,1246,1255,1261,1272,1274,1266,1268,1279,1279,1284,1281,1290,1306,1320,1327,1338,1344,1345,1344,1341,1341,1349,1351,1358,1372,1385,1390,1401,1402,1417,1416,1419,1438,1443,1449,1453,1473,1466,1482,1492,1491,1497,1504,1498,1523,1538,1537,1544,1534,1535,1556,1573,1582,1593,1602,1619,1616,1634
395238,"Worcester, MA",57,977,979,986,997,1005,1008,1009,1016,1026,1031,1029,1033,1031,1032,1044,1047,1050,1059,1060,1065,1068,1068,1069,1076,1074,1061,1074,1090,1109,1121,1119,1122,1125,1136,1134,1135,1136,1153,1161,1161,1170,1181,1174,1178,1183,1169,1178,1185,1189,1195,1212,1220,1224,1225,1247,1250,1259,1259,1256,1253,1258,1268,1282,1287,1304,1290,1309,1313,1312,1325,1323,1328,1342,1351,1341,1354,1356,1361,1365,1357,1365,1378,1392,1399,1428
394415,"Stamford, CT",58,1600,1587,1592,1652,1725,1778,1766,1773,1773,1750,1753,1777,1779,1774,1787,1794,1814,1819,1848,1844,1834,1815,1802,1793,1794,1818,1813,1839,1863,1868,1868,1852,1857,1854,1839,1829,1827,1858,1870,1878,1888,1882,1885,1898,1891,1884,1868,1853,1853,1878,1893,1906,1927,1942,1937,1941,1928,1924,1921,1925,1928,1935,1941,1957,1970,1980,1985,1990,1992,1989,1969,1961,1967,1985,1992,2026,2032,2019,2049,2030,2050,2064,2099,2073,2115
394312,"Albuquerque, NM",59,952,944,948,949,962,969,979,980,973,973,975,974,976,982,972,989,995,1004,1003,1007,1006,1000,996,995,998,999,1006,1013,1014,1025,1033,1035,1029,1021,1021,1019,1019,1027,1030,1036,1038,1048,1049,1050,1039,1039,1044,1045,1047,1048,1055,1062,1067,1077,1081,1084,1085,1081,1079,1076,1080,1088,1094,1100,1113,1122,1128,1133,1131,1133,1127,1136,1136,1151,1149,1142,1143,1155,1174,1175,1200,1209,1214,1211,1216
394308,"Albany, NY",60,1022,1028,1028,1046,1053,1070,1115,1083,1092,1099,1081,1085,1106,1102,1098,1095,1102,1102,1100,1112,1102,1113,1094,1092,1109,1127,1145,1137,1125,1135,1119,1128,1141,1146,1160,1154,1177,1169,1154,1162,1169,1163,1163,1161,1156,1163,1148,1129,1143,1178,1187,1194,1199,1197,1190,1190,1210,1203,1233,1224,1208,1202,1195,1203,1207,1211,1214,1218,1221,1236,1232,1237,1246,1242,1241,1256,1250,1237,1240,1236,1246,1267,1272,1279,1291
394938,"Omaha, NE",61,933,917,917,905,916,937,951,957,950,957,956,956,965,977,989,1007,998,997,998,997,998,990,995,997,1000,1010,1016,1019,1026,1033,1036,1039,1040,1035,1034,1032,1031,1039,1046,1056,1064,1074,1073,1070,1067,1058,1060,1063,1062,1067,1067,1079,1087,1093,1096,1094,1094,1099,1094,1092,1095,1108,1105,1112,1126,1134,1141,1139,1133,1132,1137,1140,1145,1148,1158,1171,1176,1185,1192,1201,1197,1190,1189,1189,1195
394908,"New Haven, CT",62,1119,1108,1109,1126,1156,1174,1194,1191,1188,1186,1189,1191,1183,1188,1197,1220,1222,1218,1225,1216,1218,1214,1221,1206,1202,1224,1229,1249,1253,1257,1258,1252,1242,1241,1235,1242,1247,1255,1259,1269,1274,1272,1274,1279,1271,1267,1271,1269,1275,1286,1288,1303,1298,1308,1312,1310,1311,1315,1313,1324,1316,1325,1329,1342,1342,1340,1344,1340,1329,1336,1352,1357,1359,1375,1379,1379,1395,1393,1395,1397,1408,1421,1423,1419,1433
394357,"Bakersfield, CA",63,1019,1020,1023,1032,1045,1062,1063,1064,1059,1062,1064,1073,1067,1077,1083,1084,1089,1091,1088,1084,1091,1088,1081,1079,1081,1094,1087,1093,1099,1107,1113,1123,1120,1114,1115,1120,1119,1124,1130,1141,1140,1144,1146,1154,1153,1152,1148,1154,1163,1164,1171,1176,1182,1191,1195,1201,1200,1203,1207,1210,1218,1223,1230,1243,1248,1256,1254,1261,1266,1268,1267,1268,1284,1299,1290,1298,1306,1314,1336,1366,1362,1371,1368,1379,1402
394753,"Knoxville, TN",64,993,988,995,1008,1023,1029,1030,1030,1032,1029,1030,1040,1035,1047,1057,1066,1074,1067,1068,1062,1045,1049,1065,1063,1041,1052,1070,1078,1095,1105,1110,1098,1106,1091,1095,1096,1092,1113,1120,1132,1137,1138,1151,1132,1136,1134,1140,1145,1143,1142,1162,1168,1187,1189,1188,1189,1194,1200,1200,1201,1211,1229,1233,1239,1242,1246,1248,1247,1236,1251,1252,1262,1279,1280,1283,1274,1278,1287,1295,1305,1322,1337,1350,1351,1364
394653,"Greenville, SC",65,945,936,946,976,974,961,972,978,971,974,969,969,977,986,989,1002,1018,1025,1028,1017,1024,1021,1028,1032,1039,1045,1063,1073,1076,1077,1076,1070,1076,1062,1047,1056,1066,1067,1077,1085,1093,1104,1115,1111,1096,1091,1089,1094,1105,1109,1123,1127,1138,1149,1146,1147,1153,1151,1149,1133,1143,1153,1157,1164,1178,1190,1192,1194,1197,1193,1188,1199,1192,1205,1211,1203,1196,1207,1208,1212,1212,1207,1229,1237,1249
394952,"Ventura, CA",66,2110,2088,2096,2137,2167,2193,2206,2216,2221,2224,2241,2255,2247,2275,2273,2289,2310,2312,2329,2335,2347,2339,2349,2341,2342,2351,2372,2397,2408,2430,2450,2454,2453,2470,2469,2461,2470,2499,2521,2530,2541,2551,2548,2552,2560,2552,2557,2558,2586,2622,2607,2611,2642,2662,2661,2684,2691,2679,2682,2690,2694,2702,2714,2703,2745,2748,2747,2740,2731,2735,2739,2754,2781,2781,2797,2751,2769,2785,2809,2820,2817,2831,2873,2907,2937
394318,"Allentown, PA",67,1055,1080,1074,1105,1123,1129,1138,1133,1140,1136,1135,1120,1114,1129,1141,1145,1153,1159,1164,1158,1152,1160,1159,1159,1178,1164,1192,1185,1187,1194,1200,1192,1193,1202,1195,1189,1195,1207,1218,1217,1228,1224,1219,1226,1239,1232,1238,1230,1230,1239,1241,1254,1266,1269,1277,1273,1273,1263,1272,1292,1279,1284,1294,1297,1309,1317,1325,1326,1332,1326,1325,1323,1329,1344,1338,1335,1347,1341,1346,1373,1384,1401,1411,1432,1451
394561,"El Paso, TX",68,988,991,998,1005,1011,1014,1004,1015,1005,1006,1003,1004,1005,1010,1010,1014,1018,1019,1020,1022,1019,1009,1004,1009,1011,1018,1019,1020,1020,1024,1025,1026,1019,1013,1021,1034,1026,1024,1022,1023,1023,1025,1024,1025,1023,1018,1022,1023,1020,1024,1026,1029,1036,1038,1041,1044,1038,1040,1040,1044,1045,1037,1046,1049,1056,1062,1064,1071,1075,1075,1079,1081,1089,1089,1091,1103,1109,1111,1112,1126,1127,1133,1153,1152,1155
394367,"Baton Rouge, LA",69,1012,1037,1032,1020,1044,1084,1103,1125,1133,1135,1127,1119,1125,1133,1139,1173,1167,1153,1142,1150,1153,1135,1155,1179,1177,1173,1183,1189,1178,1195,1188,1186,1206,1218,1230,1226,1226,1225,1225,1226,1225,1220,1201,1199,1200,1205,1197,1200,1198,1194,1204,1212,1215,1216,1214,1210,1205,1207,1195,1196,1201,1200,1205,1215,1218,1220,1216,1213,1207,1205,1200,1191,1195,1195,1202,1207,1224,1236,1238,1241,1245,1235,1231,1240,1237
394521,"Dayton, OH",70,,736,784,760,765,767,770,776,776,772,773,773,768,768,771,780,780,789,794,797,797,803,804,802,810,806,813,816,812,810,813,820,819,816,829,828,842,832,833,837,841,846,851,850,851,856,864,863,867,866,870,863,873,878,885,887,885,887,891,878,885,898,903,908,914,918,924,931,927,931,942,937,941,947,951,947,950,963,968,980,978,976,985,990,1001
394486,"Columbia, SC",72,,945,930,936,951,964,989,1021,1015,990,984,987,976,964,972,982,988,997,1000,1000,997,996,986,994,996,995,1006,1012,1021,1019,1022,1024,1025,1027,1032,1023,1022,1023,1035,1043,1047,1043,1054,1047,1043,1044,1047,1054,1055,1064,1072,1076,1079,1082,1090,1091,1086,1093,1091,1092,1095,1103,1106,1120,1130,1135,1139,1139,1135,1128,1126,1129,1139,1151,1161,1160,1157,1171,1183,1181,1187,1193,1203,1192,1209
394648,"Greensboro, NC",73,903,919,916,926,934,938,944,959,956,948,948,953,949,948,954,964,975,977,984,978,983,963,958,959,965,966,980,972,983,995,1002,1000,1003,992,999,1002,1033,1022,1015,1013,1021,1029,1035,1032,1035,1029,1028,1023,1032,1044,1044,1048,1056,1054,1059,1053,1064,1068,1063,1071,1075,1084,1092,1097,1112,1111,1115,1120,1121,1118,1124,1116,1126,1136,1145,1150,1154,1147,1162,1166,1184,1196,1200,1209,1210
394304,"Akron, OH",74,740,729,740,743,754,765,761,768,774,770,776,779,778,778,785,790,791,800,794,797,778,788,802,797,799,800,801,805,810,810,816,813,815,822,819,816,816,821,820,837,840,842,837,831,829,826,831,837,836,836,844,851,848,849,853,842,838,844,846,841,846,855,855,860,862,869,858,868,878,878,879,882,891,891,903,898,902,903,910,920,913,915,912,916,
753906,"North Port-Sarasota-Bradenton, FL",75,1694,1699,1685,1722,1711,1700,1708,1725,1720,1742,1768,1779,1795,1801,1812,1833,1830,1810,1826,1833,1857,1851,1874,1872,1897,1903,1919,1904,1892,1898,1897,1885,1906,1926,1965,1953,1971,1967,1975,1970,1945,1939,1939,1943,1926,1945,1980,2000,2001,2025,2017,2013,2025,2023,2028,2040,2057,2038,2056,2072,2105,2097,2084,2076,2087,2082,2087,2097,2114,2107,2134,2159,2175,2169,2157,2145,2164,2143,2169,2164,2175,2209,2247,2277,2280
394798,"Little Rock, AR",76,834,811,819,838,831,830,832,844,841,834,827,822,827,832,833,839,842,854,848,844,841,846,838,842,841,846,847,850,845,853,858,859,860,853,857,853,855,860,865,865,866,867,870,873,865,866,871,867,866,868,872,873,874,873,876,875,878,886,885,883,880,886,892,895,899,900,907,905,904,893,899,902,912,918,913,919,918,932,937,940,947,949,944,950,961
395134,"Stockton, CA",77,1314,1349,1340,1354,1373,1386,1374,1395,1411,1420,1464,1443,1427,1430,1445,1461,1478,1487,1495,1520,1528,1519,1526,1544,1550,1558,1580,1588,1599,1607,1628,1635,1661,1668,1670,1675,1687,1692,1717,1722,1736,1756,1767,1798,1799,1788,1784,1797,1799,1807,1821,1823,1834,1857,1886,1897,1884,1893,1883,1888,1891,1902,1921,1938,1951,1974,1991,1989,1987,1994,1997,2018,2047,2068,2053,2056,2048,2052,2094,2129,2099,2146,2157,2204,2225
394457,"Charleston, SC",78,1132,1142,1147,1169,1193,1213,1230,1236,1241,1243,1254,1247,1258,1267,1282,1295,1297,1311,1313,1317,1300,1319,1321,1310,1304,1325,1348,1357,1364,1379,1386,1381,1379,1375,1366,1364,1376,1390,1397,1413,1426,1426,1434,1430,1434,1427,1427,1417,1423,1436,1445,1456,1464,1473,1481,1485,1480,1469,1462,1445,1453,1472,1482,1494,1512,1522,1525,1516,1516,1512,1517,1531,1528,1541,1534,1524,1523,1532,1552,1549,1554,1550,1555,1574,1577
395143,"Syracuse, NY",79,797,834,810,835,845,864,891,901,876,877,933,877,871,856,859,885,899,898,873,883,888,917,920,893,905,904,932,927,933,944,906,915,913,917,940,934,936,948,976,970,960,958,954,953,947,937,972,980,939,966,967,993,988,986,994,988,970,962,959,961,961,970,970,981,991,1014,1025,1033,1010,1032,1014,1009,1023,1010,1031,1034,1066,1068,1085,1086,1090,1092,1097,1089,1078
394484,"Colorado Springs, CO",80,1045,1039,1034,1040,1061,1089,1102,1111,1115,1123,1123,1133,1132,1135,1132,1145,1158,1165,1175,1182,1180,1184,1186,1189,1200,1197,1210,1228,1241,1250,1254,1266,1274,1272,1273,1273,1283,1288,1296,1307,1321,1334,1340,1345,1349,1343,1348,1355,1363,1372,1381,1391,1399,1400,1406,1411,1412,1409,1410,1411,1423,1437,1456,1461,1469,1474,1478,1484,1488,1494,1494,1511,1519,1526,1514,1529,1540,1542,1550,1564,1577,1582,1598,1599,1600
395235,"Winston-Salem, NC",81,914,950,932,932,944,947,956,953,952,953,942,949,955,959,966,966,971,975,977,984,982,984,983,972,976,983,997,1005,1006,1002,1011,1011,1005,1006,1003,1004,1006,1013,1019,1025,1038,1041,1044,1047,1047,1045,1043,1041,1035,1044,1059,1067,1076,1077,1080,1083,1084,1083,1085,1090,1095,1096,1106,1120,1134,1135,1145,1143,1143,1140,1135,1129,1154,1159,1164,1157,1160,1173,1179,1198,1205,1207,1213,1192,1216
395224,"Wichita, KS",82,,742,757,748,762,770,776,778,790,794,788,781,786,780,770,779,780,782,785,781,784,782,776,787,785,786,789,797,792,802,798,792,785,787,788,787,787,788,789,794,792,799,800,801,793,794,789,796,800,798,801,802,807,810,811,816,811,820,803,802,801,807,812,811,818,817,827,828,826,832,831,826,828,832,832,834,836,842,863,857,860,858,856,852,853
395115,"Springfield, MA",83,1048,1132,1107,1125,1140,1145,1149,1168,1141,1134,1132,1150,1143,1144,1143,1156,1163,1170,1182,1175,1170,1175,1165,1168,1160,1168,1186,1201,1214,1214,1223,1209,1208,1216,1212,1201,1198,1185,1203,1219,1236,1230,1233,1240,1246,1248,1240,1237,1245,1252,1260,1261,1261,1262,1275,1279,1286,1292,1294,1238,1270,1283,1290,1290,1309,1324,1325,1323,1316,1329,1323,1313,1330,1331,1332,1332,1341,1337,1372,1356,1348,1362,1346,1370,1379
394440,"Fort Myers, FL",84,1355,1313,1340,1341,1355,1366,1377,1398,1418,1431,1439,1457,1451,1471,1505,1515,1529,1540,1548,1576,1591,1597,1611,1619,1631,1647,1662,1660,1657,1675,1678,1678,1672,1685,1691,1707,1719,1715,1722,1730,1718,1711,1724,1721,1730,1745,1763,1772,1784,1791,1777,1781,1776,1773,1783,1792,1800,1805,1814,1819,1831,1830,1834,1848,1847,1847,1851,1854,1853,1853,1868,1873,1903,1901,1892,1871,1894,1886,1908,1916,1936,1946,1959,1967,1986
394399,"Boise City, ID",85,856,896,885,896,907,920,929,933,940,933,935,905,920,936,952,959,969,973,979,986,989,990,987,981,984,986,1005,1018,1028,1043,1049,1056,1058,1062,1050,1050,1053,1056,1068,1087,1091,1105,1113,1119,1123,1121,1122,1122,1132,1132,1144,1153,1156,1186,1206,1214,1216,1215,1206,1216,1215,1226,1247,1256,1268,1287,1294,1291,1289,1287,1282,1286,1291,1304,1311,1308,1313,1325,1339,1362,1368,1381,1407,1413,1439
395160,"Toledo, OH",86,720,754,751,742,731,743,760,744,754,749,756,756,767,773,765,766,772,758,761,750,765,773,783,775,776,781,791,796,797,799,797,803,803,811,805,808,817,815,801,819,817,809,816,818,816,818,829,831,829,815,823,855,850,845,844,841,838,834,842,841,844,843,848,853,858,867,865,868,868,866,856,838,842,856,864,868,877,889,900,905,905,915,911,913,913
394816,"Madison, WI",87,1165,1117,1117,1100,1127,1137,1143,1143,1150,1157,1150,1139,1151,1157,1169,1174,1181,1193,1190,1194,1182,1187,1201,1212,1204,1210,1208,1232,1227,1231,1228,1233,1224,1226,1231,1235,1233,1235,1246,1250,1250,1252,1255,1260,1255,1269,1266,1261,1260,1262,1262,1268,1272,1282,1283,1277,1280,1293,1297,1301,1298,1300,1313,1317,1318,1314,1314,1304,1311,1317,1324,1313,1340,1345,1347,1348,1338,1342,1342,1347,1349,1336,1381,1376,1373
394766,"Lakeland, FL",88,1012,1047,1036,1022,1034,1043,1048,1052,1054,1051,1058,1064,1064,1066,1079,1079,1089,1102,1105,1104,1085,1102,1107,1107,1111,1120,1127,1140,1152,1155,1158,1160,1162,1159,1164,1173,1176,1179,1183,1186,1191,1202,1207,1208,1195,1209,1224,1226,1226,1232,1247,1257,1274,1284,1297,1299,1292,1296,1296,1300,1312,1324,1338,1333,1330,1335,1339,1353,1360,1354,1358,1367,1364,1372,1379,1380,1421,1412,1413,1425,1433,1438,1455,1453,1462
394931,"Ogden, UT",89,879,878,881,900,918,930,924,937,949,953,953,951,944,949,956,951,966,971,972,978,981,982,982,985,988,986,991,967,996,1025,1026,1032,1034,1040,1052,1049,1050,1063,1059,1065,1070,1088,1093,1094,1098,1092,1082,1095,1103,1107,1101,1127,1135,1153,1155,1165,1144,1165,1165,1180,1183,1178,1195,1198,1213,1225,1223,1222,1219,1224,1252,1256,1254,1268,1257,1242,1262,1276,1285,1273,1264,1290,1300,1315,1317
394528,"Daytona Beach, FL",90,986,983,990,1003,1003,1010,1017,1020,1019,1026,1035,1037,1047,1056,1054,1065,1071,1073,1081,1086,1094,1111,1113,1109,1116,1115,1116,1130,1146,1137,1148,1169,1172,1173,1178,1178,1182,1185,1179,1184,1206,1213,1226,1237,1244,1248,1251,1232,1236,1258,1269,1273,1281,1283,1296,1305,1308,1307,1302,1311,1314,1326,1338,1340,1351,1340,1346,1350,1360,1363,1364,1375,1374,1386,1380,1379,1432,1416,1410,1408,1420,1415,1441,1461,1466
394531,"Des Moines, IA",91,966,974,978,997,1016,1029,1029,1039,1048,1057,1036,1043,1036,1043,1055,1059,1055,1064,1070,1059,1037,1051,1047,1042,1042,1050,1048,1056,1073,1077,1076,1078,1070,1071,1074,1050,1064,1067,1079,1084,1096,1096,1097,1096,1093,1085,1075,1070,1051,1064,1076,1095,1102,1118,1115,1113,1103,1097,1088,1090,1094,1094,1085,1096,1107,1115,1127,1125,1124,1127,1123,1117,1121,1116,1122,1124,1129,1139,1146,1151,1147,1150,1154,1144,1145
394711,"Jackson, MS",92,1096,1037,1052,1086,1123,1133,1150,1196,1171,1152,1149,1130,1131,1135,1141,1152,1160,1164,1164,1178,1179,1167,1168,1164,1171,1201,1197,1176,1188,1187,1189,1197,1191,1188,1179,1186,1187,1181,1176,1188,1196,1198,1192,1202,1199,1189,1185,1195,1198,1202,1208,1208,1207,1206,1206,1195,1200,1203,1204,1197,1208,1217,1213,1213,1217,1223,1233,1231,1214,1208,1222,1222,1237,1241,1251,1259,1252,1254,1249,1259,1256,1268,1255,1269,1270
395245,"Youngstown, OH",93,,582,601,600,604,590,582,593,601,617,614,606,607,603,618,611,612,591,594,606,603,614,617,613,609,612,613,600,613,617,621,625,627,628,624,621,633,631,635,635,636,636,639,645,641,639,637,631,632,637,645,641,643,648,657,660,659,659,676,667,664,665,669,673,680,671,672,674,664,667,675,674,675,680,690,691,691,691,700,703,711,705,717,717,726
394352,"Augusta, GA",94,,895,908,903,906,910,909,905,907,913,909,909,908,909,913,914,933,934,927,929,930,932,934,928,920,933,939,946,951,953,953,949,950,954,948,948,952,948,954,960,978,977,974,973,975,981,979,979,979,980,989,996,1000,1007,1000,998,999,1003,999,1005,1006,1008,1017,1032,1036,1035,1042,1046,1050,1047,1052,1048,1049,1049,1053,1052,1069,1083,1093,1102,1113,1115,1122,1130,1132
395075,"Scranton, PA",95,645,674,,,,691,705,719,709,713,712,709,710,703,700,698,708,717,714,724,727,732,735,741,745,736,734,748,748,725,740,748,766,773,759,765,759,816,795,788,766,772,778,772,779,802,801,805,800,773,795,802,782,792,791,801,809,827,814,784,,,869,841,837,848,865,856,860,861,873,928,902,914,893,870,901,892,891,892,897,922,903,939,950
394666,"Harrisburg, PA",96,953,950,950,946,951,954,954,930,921,945,924,921,941,954,970,981,978,974,975,971,971,975,976,974,977,987,987,999,1009,1008,1018,1004,999,993,1005,990,997,1002,996,1011,1015,1015,1015,1019,1010,1017,1010,1008,1009,1016,1026,1029,1038,1043,1039,1044,1052,1057,1060,1061,1069,1067,1076,1078,1075,1081,1085,1089,1090,1094,1087,1083,1096,1101,1104,1101,1103,1103,1111,1121,1129,1119,1136,1134,1140
394957,"Melbourne, FL",97,974,997,983,984,995,1000,1011,1005,1015,1017,1024,1038,1042,1052,1057,1060,1069,1082,1082,1103,1101,1108,1108,1118,1124,1131,1136,1145,1151,1170,1174,1178,1188,1191,1203,1213,1220,1223,1230,1229,1236,1246,1257,1263,1270,1276,1282,1292,1295,1303,1318,1323,1336,1347,1347,1356,1359,1362,1376,1375,1378,1382,1386,1390,1395,1397,1395,1403,1403,1406,1412,1418,1426,1465,1468,1449,1453,1453,1468,1470,1483,1491,1504,1514,1523
394460,"Chattanooga, TN",98,827,,,948,954,988,1002,1008,1006,1017,1023,1000,997,1024,1042,1063,1058,1058,1060,1059,1035,1034,1044,1043,1045,1070,1079,1116,1121,1119,1107,1097,1105,1142,1089,1104,1104,1088,1087,1084,1097,1108,1121,1122,1127,1121,1114,1112,1124,1129,1146,1157,1160,1166,1177,1180,1168,1178,1188,1191,1186,1185,1187,1199,1205,1220,1211,1221,1209,1210,1217,1217,1217,1221,1232,1238,1244,1257,1273,1268,1292,1297,1289,1257,1277
395113,"Spokane, WA",99,873,912,898,875,903,917,936,901,873,900,883,886,906,914,918,956,953,961,956,957,954,950,967,961,943,966,985,983,988,999,1000,1005,1012,1011,1007,1010,1026,1012,1028,1001,1028,1057,1066,1065,1071,1078,1077,1078,1079,1078,1092,1098,1109,1123,1119,1138,1137,1142,1143,1137,1142,1143,1161,1170,1177,1192,1204,1217,1203,1212,1188,1172,1195,1215,1244,1234,1239,1241,1263,1256,1285,1307,1300,1300,1322
395006,"Provo, UT",100,962,1007,990,999,1001,1033,1042,1032,1036,1032,1030,1045,1054,1050,1067,1083,1076,1093,1080,1068,1078,1096,1110,1103,1110,1101,1104,1115,1131,1157,1155,1160,1159,1155,1156,1143,1158,1172,1180,1176,1198,1201,1209,1213,1215,1201,1199,1203,1207,1212,1222,1247,1260,1259,1262,1267,1258,1255,1262,1258,1272,1272,1273,1276,1294,1306,1311,1317,1307,1300,1293,1295,1299,1295,1304,1319,1318,1333,1344,1349,1328,1335,1348,1357,1379
394549,"Durham, NC",104,1125,1133,1128,1139,1167,1172,1178,1160,1158,1151,1147,1143,1151,1127,1133,1155,1183,1195,1219,1206,1195,1202,1198,1198,1217,1231,1238,1251,1250,1259,1259,1253,1261,1286,1267,1279,1267,1262,1272,1284,1289,1285,1291,1304,1284,1291,1300,1286,1284,1288,1306,1319,1327,1338,1331,1332,1330,1334,1345,1342,1350,1356,1372,1378,1388,1395,1404,1406,1410,1405,1406,1408,1422,1382,1403,1404,1406,1412,1419,1405,1406,1416,1436,1430,1465
394995,"Port St. Lucie, FL",119,1236,1261,1247,1237,1283,1262,1276,1295,1324,1322,1327,1336,1362,1362,1364,1376,1355,1349,1354,1364,1371,1393,1382,1419,1432,1442,1451,1475,1478,1476,1473,1476,1481,1471,1485,1490,1510,1521,1513,1526,1542,1550,1561,1572,1516,1551,1574,1585,1594,1609,1624,1620,1646,1633,1656,1653,1646,1659,1662,1689,1682,1705,1708,1680,1669,1684,1691,1735,1673,1697,1737,1752,1778,1816,1817,1767,1839,1810,1775,1802,1820,1872,1869,1894,1905
394602,"Fort Collins, CO",159,1136,1153,1162,1205,1245,1262,1272,1269,1301,1321,1296,1318,1307,1334,1349,1359,1403,1381,1387,1394,1390,1387,1380,1397,1397,1400,1417,1429,1451,1463,1462,1447,1427,1416,1413,1420,1423,1443,1450,1469,1474,1465,1465,1470,1460,1453,1462,1465,1447,1456,1492,1506,1520,1527,1526,1517,1507,1511,1501,1507,1513,1528,1548,1554,1567,1572,1568,1562,1546,1551,1549,1564,1562,1551,1574,1580,1578,1601,1597,1599,1577,1570,1582,1610,1592
394405,"Boulder, CO",162,1539,1522,1522,1534,1579,1598,1626,1630,1646,1653,1649,1626,1661,1682,1706,1719,1736,1746,1746,1764,1789,1782,1783,1793,1810,1822,1831,1834,1831,1833,1844,1840,1838,1815,1830,1827,1815,1856,1852,1869,1877,1876,1877,1875,1878,1877,1892,1907,1905,1904,1911,1906,1933,1958,1963,1955,1960,1960,1955,1945,1959,1968,1972,1999,2012,2011,2015,2008,1998,2019,2035,2022,2030,2034,2036,2016,2025,2021,2026,2025,2033,2034,2047,2064,2091
394645,"Greeley, CO",177,1213,1172,1188,1144,1156,1195,1247,1263,1274,1280,1280,1311,1307,1309,1326,1337,1346,1357,1359,1364,1379,1377,1378,1385,1377,1384,1389,1405,1412,1430,1434,1416,1426,1415,1415,1415,1420,1428,1431,1459,1473,1474,1476,1486,1497,1496,1481,1493,1492,1497,1531,1540,1558,1549,1555,1556,1569,1554,1544,1548,1563,1600,1612,1610,1607,1614,1614,1617,1623,1608,1586,1600,1603,1637,1649,1632,1638,1636,1636,1643,1665,1674,1661,1641,1663
394623,"Gainesville, GA",229,914,927,930,951,938,943,938,940,929,940,944,959,980,982,984,979,987,1003,1022,1019,1040,1025,1040,1040,1028,1022,1040,1042,1050,1063,1079,1087,1088,1101,1110,1110,1101,1109,1095,1114,1142,1152,1167,1170,1149,1153,1140,1139,1163,1162,1168,1175,1180,1165,1181,1190,1179,1212,1232,1233,1254,1258,1246,1278,1267,1256,1272,1264,1291,1296,1304,1308,1329,1324,1318,1321,1306,1312,1254,1300,1342,1370,1390,1396,1411
